http://www.mediafire.com/file/tqxlie02s8upuez/MarbleBlastUltra-1.9.1.6_setup.exe/file,pokechu22,https://old.marblevortex.com/game/download/index.php
http://www.mediafire.com/file/c41d7m1k0btkl76/MarbleBlastUltra-1.9.1.5_setup.exe/file,pokechu22,https://old.marblevortex.com/game/download/index.php
http://www.mediafire.com/file/6p5hr5e1apbp8ym/MarbleBlastUltra-1.9.1.4_setup.exe/file,pokechu22,https://old.marblevortex.com/game/download/index.php
http://www.mediafire.com/download/uj1g9bbu58x8c37/MarbleBlastUltra-1.8.1_setup.exe,pokechu22,https://old.marblevortex.com/game/download/index.php
http://www.mediafire.com/download/j92kurk25uclw4x/MarbleBlastUltra-1.7.0_setup.exe,pokechu22,https://old.marblevortex.com/game/download/index.php
http://www.mediafire.com/download/s98ic5iu5vjr1nj/MarbleBlastUltra-1.6.2_setup.exe,pokechu22,https://old.marblevortex.com/game/download/index.php
http://www.mediafire.com/download/0hvytm0icti6ahw/MarbleBlastUltra-1.6.1_setup.exe,pokechu22,https://old.marblevortex.com/game/download/index.php
http://www.mediafire.com/download/bwcun1vt236up62/Marble+Blast+Ultra+1.5.0.7z,pokechu22,https://old.marblevortex.com/game/download/index.php
http://www.mediafire.com/download/7u4u7pon84n97dh/MarbleBlastUltra-1.2.1_setup.exe,pokechu22,https://old.marblevortex.com/game/download/index.php
http://www.mediafire.com/download/d9p98nodpupphkk/Marble+Blast+Ultra+PC.zip,pokechu22,https://old.marblevortex.com/game/download/index.php
http://www.mediafire.com/download/vm3xqo35z35lc4g/Marble+Blast+Ultra+Installer+V3.exe,pokechu22,https://old.marblevortex.com/game/download/index.php
http://www.mediafire.com/download/t9rakl5plg69t77/Marble+Blast+Ultra+Installer.exe,pokechu22,https://old.marblevortex.com/game/download/index.php
http://www.mediafire.com/download/zrzv4r9i33r3gp5/MarbleBlastUltra-1.8DevBuild11_setup.exe,pokechu22,https://old.marblevortex.com/game/download/index.php
http://www.mediafire.com/download/bo98xnikalc9m2k/MarbleBlastUltra-1.8DevBuild10_setup.exe,pokechu22,https://old.marblevortex.com/game/download/index.php
http://www.mediafire.com/download/bs12555r3yzkysg/MarbleBlastUltra-1.8DevBuild9_setup.exe,pokechu22,https://old.marblevortex.com/game/download/index.php
http://www.mediafire.com/download/92forgyj7zrb1f2/MarbleBlastUltra-1.8DevBuild8_setup.exe,pokechu22,https://old.marblevortex.com/game/download/index.php
http://www.mediafire.com/download/94451345pux4hrh/MarbleBlastUltra-1.8DevBuild7_setup.exe,pokechu22,https://old.marblevortex.com/game/download/index.php
http://www.mediafire.com/download/9mg4737a5mrt455/MarbleBlastUltra-1.8DevBuild6_setup.exe,pokechu22,https://old.marblevortex.com/game/download/index.php
http://www.mediafire.com/download/d5t5f37aqwmwam2/MarbleBlastUltra-1.8DevBuild5_setup.exe,pokechu22,https://old.marblevortex.com/game/download/index.php
http://www.mediafire.com/download/r19083sinmbq1m4/MarbleBlastUltra-1.8DevBuild4_setup.exe,pokechu22,https://old.marblevortex.com/game/download/index.php
http://www.mediafire.com/download/6uf96k39x3hommw/MarbleBlastUltra-1.8DevBuild3_setup.exe,pokechu22,https://old.marblevortex.com/game/download/index.php
http://www.mediafire.com/download/tkm1e6mo2hcyv1z/MarbleBlastUltra-1.8DevBuild2_setup.exe,pokechu22,https://old.marblevortex.com/game/download/index.php
http://www.mediafire.com/download/a7er8fvt7efc8kr/MarbleBlastUltra-1.8DevBuild1_setup.exe,pokechu22,https://old.marblevortex.com/game/download/index.php
http://www.mediafire.com/download/gi8sz6c89h4vxp9/MarbleBlastUltra-1.7DevBuild13_setup.exe,pokechu22,https://old.marblevortex.com/game/download/index.php
http://www.mediafire.com/download/992nz7efzgen3vk/MarbleBlastUltra-1.7DevBuild12_setup.exe,pokechu22,https://old.marblevortex.com/game/download/index.php
http://www.mediafire.com/download/lw10ms14td7dhzm/MarbleBlastUltra-1.7DevBuild11_setup.exe,pokechu22,https://old.marblevortex.com/game/download/index.php
http://www.mediafire.com/download/sf7lke7d20smg0g/MarbleBlastUltra-1.7DevBuild10_setup.exe,pokechu22,https://old.marblevortex.com/game/download/index.php
http://www.mediafire.com/download/ga769ty756cj1y9/MarbleBlastUltra-1.7DevBuild8_setup.exe,pokechu22,https://old.marblevortex.com/game/download/index.php
http://www.mediafire.com/download/j987rcw76ui52za/MarbleBlastUltra-1.7DevBuild7_setup.exe,pokechu22,https://old.marblevortex.com/game/download/index.php
http://www.mediafire.com/download/87im3fo82ehvrqa/MarbleBlastUltra-1.7DevBuild5_setup.exe,pokechu22,https://old.marblevortex.com/game/download/index.php
https://www.mediafire.com/?2k5lnc62cgkncl5,pokechu22,https://www.youtube.com/c/Robang592/search?query=mediafire
http://www.mediafire.com/file/1gnsgw6skzti619/Songs_from_PMD1.zip,pokechu22,https://www.youtube.com/c/Robang592/search?query=mediafire
https://www.mediafire.com/file/1gnsgw6skzti619/Songs%20from%20PMD1.zip,pokechu22,https://www.youtube.com/c/Robang592/search?query=mediafire
http://www.mediafire.com/file/4b9vxarhxt5pe8w/MPM.mid,pokechu22,https://www.youtube.com/c/Robang592/search?query=mediafire
"https://www.mediafire.com/?uouo5hbp7ca2313,la995ndmjawr9jw,3komoow5dbp4a8m",pokechu22,https://www.youtube.com/c/Robang592/search?query=mediafire
https://www.mediafire.com/?uouo5hbp7ca2313,pokechu22,https://www.youtube.com/c/Robang592/search?query=mediafire
https://www.mediafire.com/la995ndmjawr9jw,pokechu22,https://www.youtube.com/c/Robang592/search?query=mediafire
https://www.mediafire.com/3komoow5dbp4a8m,pokechu22,https://www.youtube.com/c/Robang592/search?query=mediafire
http://www.mediafire.com/file/o31zyj9rgtitvc3/Konikoni.mid,pokechu22,https://www.youtube.com/c/Robang592/search?query=mediafire
http://www.mediafire.com/file/j3k3pepxb4qk72b/Konikoni.pdf,pokechu22,https://www.youtube.com/c/Robang592/search?query=mediafire
http://www.mediafire.com/file/us6yzerthk4xto8/Konikoni.mscz,pokechu22,https://www.youtube.com/c/Robang592/search?query=mediafire
http://www.mediafire.com/file/2uj68sy312f4af4/Seafolk_Village.mid,pokechu22,https://www.youtube.com/c/Robang592/search?query=mediafire
http://www.mediafire.com/file/8aa96he5j9l4l9p/Seafolk_Village.pdf,pokechu22,https://www.youtube.com/c/Robang592/search?query=mediafire
http://www.mediafire.com/file/88eoln7y2i3z9tr/Seafolk_Village.mscz,pokechu22,https://www.youtube.com/c/Robang592/search?query=mediafire
http://www.mediafire.com/file/9clfnj5d93c4wbq/SnMStaffCredits.mid,pokechu22,https://www.youtube.com/c/Robang592/search?query=mediafire
http://www.mediafire.com/file/d1xd05w49a2h2bm/SnMStaffCredits.pdf,pokechu22,https://www.youtube.com/c/Robang592/search?query=mediafire
http://www.mediafire.com/file/qm0upd9pbu7w4re/SnMStaffCredits.mscz,pokechu22,https://www.youtube.com/c/Robang592/search?query=mediafire
http://www.mediafire.com/file/40rn8g36hi0ej66/BotsBuildBots.mid,pokechu22,https://www.youtube.com/c/Robang592/search?query=mediafire
http://www.mediafire.com/file/l2582150pylyd0g/BotsBuildBots.pdf,pokechu22,https://www.youtube.com/c/Robang592/search?query=mediafire
http://www.mediafire.com/file/xr7der979kx7xpv/BotsBuildBots.mscz,pokechu22,https://www.youtube.com/c/Robang592/search?query=mediafire
http://www.mediafire.com/file/1vr768ledvqgeo9/Following_Stanley.mscz,pokechu22,https://www.youtube.com/c/Robang592/search?query=mediafire
http://www.mediafire.com/file/wu5fi2x828ctddd/Following_Stanley.mid,pokechu22,https://www.youtube.com/c/Robang592/search?query=mediafire
http://www.mediafire.com/file/jp4nsci8iw3wljt/Following_Stanley.pdf,pokechu22,https://www.youtube.com/c/Robang592/search?query=mediafire
http://www.mediafire.com/file/vhi7llzmiwd22mv/AnAccentBeyond.mid,pokechu22,https://www.youtube.com/c/Robang592/search?query=mediafire
http://www.mediafire.com/file/a3bs3wae9772tca/AnAccentBeyond.pdf,pokechu22,https://www.youtube.com/c/Robang592/search?query=mediafire
https://www.mediafire.com/?ac5y581dm60nrnu,pokechu22,https://www.youtube.com/c/Robang592/search?query=mediafire
https://www.mediafire.com/?c3rscrbpsg1elus,pokechu22,https://www.youtube.com/c/Robang592/search?query=mediafire
https://www.mediafire.com/?de39532e3rmi39f,pokechu22,https://www.youtube.com/c/Robang592/search?query=mediafire
http://www.mediafire.com/file/vb7572jjg3u6pma/Battle%21_%28Trainer%29.mid,pokechu22,https://www.youtube.com/c/Robang592/search?query=mediafire
http://www.mediafire.com/file/za6j86y0fa00gtr/Battle%21_%28Trainer%29.pdf,pokechu22,https://www.youtube.com/c/Robang592/search?query=mediafire
http://www.mediafire.com/file/wd088yhedbacua4/Battle%21_%28Trainer%29.mscz,pokechu22,https://www.youtube.com/c/Robang592/search?query=mediafire
http://www.mediafire.com/file/9647xc0v0b4hlks/Battle%21_%28Wild_Pok%C3%A9mon%29.mid,pokechu22,https://www.youtube.com/c/Robang592/search?query=mediafire
http://www.mediafire.com/file/o4ltlebv9qih3tc/Battle%21_%28Wild_Pok%C3%A9mon%29.pdf,pokechu22,https://www.youtube.com/c/Robang592/search?query=mediafire
http://www.mediafire.com/file/7h18187gl76y3up/Battle%21_%28Wild_Pok%C3%A9mon%29.mscz,pokechu22,https://www.youtube.com/c/Robang592/search?query=mediafire
http://www.mediafire.com/file/um38cwmnip5q5bf/Title_ScreenSnM.mid,pokechu22,https://www.youtube.com/c/Robang592/search?query=mediafire
http://www.mediafire.com/file/t64c8jwhe18qy6u/Title_ScreenSnM.pdf,pokechu22,https://www.youtube.com/c/Robang592/search?query=mediafire
http://www.mediafire.com/file/45b6p4amtn5dwal/Title_ScreenSnM.mscz,pokechu22,https://www.youtube.com/c/Robang592/search?query=mediafire
http://www.mediafire.com/file/xk0hk8m7evukvux/TheCourtesyCall.mid,pokechu22,https://www.youtube.com/c/Robang592/search?query=mediafire
http://www.mediafire.com/file/tjemz2lqubzp5aw/TheCourtesyCall.pdf,pokechu22,https://www.youtube.com/c/Robang592/search?query=mediafire
http://www.mediafire.com/file/7531xmadkiicq8y/TheCourtesyCall.mscz,pokechu22,https://www.youtube.com/c/Robang592/search?query=mediafire
http://www.mediafire.com/file/07rd6dilgbgr8t4/The_Courtesy_Call%28Solo%29.mscz,pokechu22,https://www.youtube.com/c/Robang592/search?query=mediafire
http://www.mediafire.com/file/62qs4xftgfs4818/The_Courtesy_Call%28Solo%29.pdf,pokechu22,https://www.youtube.com/c/Robang592/search?query=mediafire
https://www.mediafire.com/file/dj4ja13gitcx4rp/wildfire146_10.fhp/file,,https://enemyofthenight.webs.com/ Mods for Feral Heart
https://www.mediafire.com/file/eg67266f8n8fmnk/Wildfire146_3.fhp/file,,https://enemyofthenight.webs.com/ Mods for Feral Heart
https://www.mediafire.com/file/0rlo30x2l3diyq2/user_name_4.fhp/file,,https://enemyofthenight.webs.com/ Mods for Feral Heart
https://www.mediafire.com/file/rz9ov9mgldq2mt2/NocteStille.zip/file,,https://enemyofthenight.webs.com/ Mods for Feral Heart
https://www.mediafire.com/file/b4gk7gd3ypz423i/Moonrise_Forest.zip/file,,https://goldendawnpack.webs.com/ Mods for Feral Heart
https://www.mediafire.com/file/8bn087794jkouor/FlouritePlains2V2-Update.zip/file,,https://the-ventus-lorem-ipsum.webs.com/ Mods for Feral Heart
http://www.mediafire.com/file/hyfmyxnx1rdhba7/ArrrgsTweaks.rar/file,FavoritoHJS,"AMCO Modpack for Minecraft, by Arrrg.
https://www.minecraftforum.net/forums/mapping-and-modding-java-edition/minecraft-mods/1273323-1-5-2-amco-about-150-of-the-best-mods-all-working"
,,
http://www.mediafire.com/file/pmux303pxx0cmzu/AMCO1_7_3_Rev4B.rar/file,FavoritoHJS,"AMCO Modpack for Minecraft, by Arrrg.
https://www.minecraftforum.net/forums/mapping-and-modding-java-edition/minecraft-mods/1273323-1-5-2-amco-about-150-of-the-best-mods-all-working"
,,
http://www.mediafire.com/file/igy14ka6hg80y8d/AMCO_1_8_1_Rev8.zip/file,FavoritoHJS,"AMCO Modpack for Minecraft, by Arrrg.
https://www.minecraftforum.net/forums/mapping-and-modding-java-edition/minecraft-mods/1273323-1-5-2-amco-about-150-of-the-best-mods-all-working"
,,
http://www.mediafire.com/file/6vpvpshzu06ka18/AMCO_1_0_0_Rev2A.zip/file,FavoritoHJS,"AMCO Modpack for Minecraft, by Arrrg.
https://www.minecraftforum.net/forums/mapping-and-modding-java-edition/minecraft-mods/1273323-1-5-2-amco-about-150-of-the-best-mods-all-working"
,,
http://www.mediafire.com/file/ogjjsd97dq1951t/ACMO_1_1_0Rev3a.zip/file,FavoritoHJS,"AMCO Modpack for Minecraft, by Arrrg.
https://www.minecraftforum.net/forums/mapping-and-modding-java-edition/minecraft-mods/1273323-1-5-2-amco-about-150-of-the-best-mods-all-working"
,,
http://www.mediafire.com/file/9k100vk40833994/AMCO_1_2_3_Rev4b.zip/file,FavoritoHJS,"AMCO Modpack for Minecraft, by Arrrg.
https://www.minecraftforum.net/forums/mapping-and-modding-java-edition/minecraft-mods/1273323-1-5-2-amco-about-150-of-the-best-mods-all-working"
,,
http://www.mediafire.com/file/h73s8gm0nkm40f0/AMCO1_2_5rev3B.zip/file,FavoritoHJS,"AMCO Modpack for Minecraft, by Arrrg.
https://www.minecraftforum.net/forums/mapping-and-modding-java-edition/minecraft-mods/1273323-1-5-2-amco-about-150-of-the-best-mods-all-working"
,,
http://www.mediafire.com/file/6w6jnue43drn9g2/AMCO1.5.2_Rev4a_Client.zip/file,FavoritoHJS,"AMCO Modpack for Minecraft, by Arrrg.
https://www.minecraftforum.net/forums/mapping-and-modding-java-edition/minecraft-mods/1273323-1-5-2-amco-about-150-of-the-best-mods-all-working"
,,
http://www.mediafire.com/file/9mu604x52ssxxoc/AMCO1.5.2_Rev4a_Server.zip/file,FavoritoHJS,"AMCO Modpack for Minecraft, by Arrrg.
https://www.minecraftforum.net/forums/mapping-and-modding-java-edition/minecraft-mods/1273323-1-5-2-amco-about-150-of-the-best-mods-all-working"
,,
https://www.mediafire.com/file/zbo7tunp0ng0e32/Encounter%2521_Galactic_Grunt.mid/file,themadprogramer,MezmerKaiser Pokemon Remixes
https://www.mediafire.com/file/e9wtkj62jyvc6k7/Galactic_Grunt_Battle.mid/file,themadprogramer,MezmerKaiser Pokemon Remixes
https://www.mediafire.com/file/zug71a12cfmp9ez/Galactic_Grunt_Victory.mid/file,themadprogramer,MezmerKaiser Pokemon Remixes
http://www.mediafire.com/file/mnle49ggmz9145s/Particles_of_matter.pdf/file,NightHnh099,
http://www.mediafire.com/file/gc964wsodbrbtdu/bad_apple_2_5_2015-12-20.zip/file,,
http://www.mediafire.com/file/78s3lixdt3kmpis/W95_C_BY_XPFOREVER.rar/file,joaquinito2051,
http://www.mediafire.com/file/06ikujgcmnruods/W98_SE_BY_XPFOREVER.rar/file,joaquinito2051,
http://www.mediafire.com/file/w8orh6si9ay0nrf/WME_BY_XPFOREVER.rar/file,joaquinito2051,
https://www.mediafire.com/file/530p21m4uq6i59y/Sinnoh_Route_213.mid/file,themadprogramer,MezmerKaiser Pokemon Remixes
https://www.mediafire.com/file/qg4obl4mhauv4d6/Pokemon_Emerald_Soundfont_%2528Updated_Jan_28%252C_2021%2529.sf2/file,themadprogramer,MezmerKaiser Pokemon Remixes
https://www.mediafire.com/file/54vcioa5l0vfygc/Zeal_map.7z/file,themadprogramer,Minecraft Map
http://www.mediafire.com/file/1z0mqgwm0nonrkm/edits.zip/file,,
https://www.mediafire.com/file/2zvmhgbqznaht6m/GF_Images_2.zip/file,,
https://www.mediafire.com/folder/b65px7qldysq9/Games,,brew games
http://www.mediafire.com/file/4aw1px61cu1224u/Starco%252810%2529.zip/file,,
https://www.mediafire.com/file/972c540givi78l4/Hazel_7-20-2017.7z/file,,
